{
  "data": [
    {
      "question": "What is the capital of Croatia ?",
      "choices": ["Split", "Osijek", "Zagreb", "Rijeka"],
      "answer": "Zagreb"
    },
    {
      "question": "What is the capital of Slovenia ?",
      "choices": ["Celje", "Ljubljana", "Maribor", "Koper"],
      "answer": "Ljubljana"
    },
    {
      "question": "What is the capital of Austria ?",
      "choices": ["Graz", "Salzburg", "Innsbruck", "Vienna"],
      "answer": "Vienna"
    },
    {
      "question": "What is the capital of Serbia ?",
      "choices": ["Belgrade", "Novi Sad", "Niš", "Subotica"],
      "answer": "Belgrade"
    },
    {
      "question": "What is the capital of Bosnia and Herzegovina ?",
      "choices": ["Mostar", "Sarajevo", "Banja Luka", "Tuzla"],
      "answer": "Sarajevo"
    },
    {
      "question": "What is the capital of Hungary ?",
      "choices": ["Zalaegerszeg", "Eger", "Szeged", "Budapest"],
      "answer": "Budapest"
    },
    {
      "question": "What is the capital of Slovakia ?",
      "choices": ["Košice", "Nitra", "Bratislava", "Poprad"],
      "answer": "Bratislava"
    },
    {
      "question": "What is the capital of Romania ?",
      "choices": ["Bucharest", "Craiova", "Constanta", "Braila"],
      "answer": "Bucharest"
    },
    {
      "question": "What is the capital of Germany ?",
      "choices": ["Wolfsburg", "Munich", "Berlin", "Frankfurt"],
      "answer": "Berlin"
    }
  ]
}